feature,importance
Population,0.1844039785381446
Urbanisation,0.15555871351785047
GDP_AUD_Real2015,0.21690849379600194
Iron_Ore_Production,0.17749198237688288
Coal_Production,0.2656368317711201
