feature,importance
Population,0.17256109035779302
Urbanisation,0.139284980384828
GDP_AUD_Real2015,0.24600148239456418
Iron_Ore_Production,0.15886465914850081
Coal_Production,0.28328778771431395
