feature,importance
Population,0.25776477064013353
Urbanisation,0.19706626381245165
GDP_AUD_Real2015,0.09206676598314047
Iron_Ore_Production,0.241192527767395
Coal_Production,0.21190967179687942
