feature,importance
Population,0.28230257167800615
Urbanisation,0.22569178980823415
GDP_AUD_Real2015,0.01626777168411493
Iron_Ore_Production,0.2664083367845234
Coal_Production,0.2093295300451214
