feature,importance
Population,0.21032101766076586
Urbanisation,0.16384722015346737
GDP_AUD_Real2015,0.3319226229813366
Iron_Ore_Production,0.1603959160453813
Coal_Production,0.1335132231590489
