feature,importance
Population,0.21819756546360286
Urbanisation,0.162271884604697
GDP_AUD_Real2015,0.18605474376190034
Iron_Ore_Production,0.20736198200599398
Coal_Production,0.22611382416380577
