feature,importance
Population,0.119953087160809
Urbanisation,0.07135911842642201
GDP_AUD_Real2015,0.6438346266805796
Iron_Ore_Production,0.0906173581614925
Coal_Production,0.07423580957069684
