feature,importance
Population,0.22495071250746831
Urbanisation,0.19283350964564192
GDP_AUD_Real2015,0.1570130252891302
Iron_Ore_Production,0.16723916677371303
Coal_Production,0.25796358578404643
