feature,importance
Population,0.11835214711063528
Urbanisation,0.10524801519001942
GDP_AUD_Real2015,0.5931737264977448
Iron_Ore_Production,0.0939162910169748
Coal_Production,0.08930982018462576
