feature,importance
Population,0.12049060589421193
Urbanisation,0.12005707727047918
GDP_AUD_Real2015,0.5317982192015999
Iron_Ore_Production,0.10096250589003632
Coal_Production,0.12669159174367264
