feature,importance
Population,0.2395754940725175
Urbanisation,0.18332898987820836
GDP_AUD_Real2015,0.16923080290097495
Iron_Ore_Production,0.21963595050430265
Coal_Production,0.18822876264399652
