feature,importance
Population,0.18848250064822586
Urbanisation,0.15451042541025078
GDP_AUD_Real2015,0.29762041335267686
Iron_Ore_Production,0.17422015645025166
Coal_Production,0.18516650413859473
